{"Fid":"dg0fNdjtRzKRMSiweQQJ4w","Status":3,"AuthToken":"eyJhbGciOiJFUzI1NiIsInR5cCI6IkpXVCJ9.eyJhcHBJZCI6IjE6MTAyMzEzMzcyODg5NDphbmRyb2lkOmYyNWE2NzFmNTE5NGUxZDYxOGQ4MmYiLCJleHAiOjE3NjgwNDU4NjYsImZpZCI6ImRnMGZOZGp0UnpLUk1TaXdlUVFKNHciLCJwcm9qZWN0TnVtYmVyIjoxMDIzMTMzNzI4ODk0fQ.AB2LPV8wRgIhAJ9W7GoayJ31caxYKsvN6HQTU24lUsR5q8zmFJB4Q5VaAiEAmWV6GYzxP5enoZALAA628sA0xo5VVKOSxuR2knH4pTI","RefreshToken":"3_AS3qfwLXoRYamVAgdqEbpONP3U7U5fsGuDqEoYqjFrN5h4PeefcKoMghw2K46T5Ls4shsbHJ14UIOFnR1rC4P90YAkKnaQwCn3LfeqrAL0e54g","TokenCreationEpochInSecs":1767441065,"ExpiresInSecs":604800}