{"Fid":"eFN_deJ8Tl-C2FCVgWynZw","Status":3,"AuthToken":"eyJhbGciOiJFUzI1NiIsInR5cCI6IkpXVCJ9.eyJhcHBJZCI6IjE6MTAyMzEzMzcyODg5NDphbmRyb2lkOmYyNWE2NzFmNTE5NGUxZDYxOGQ4MmYiLCJleHAiOjE3Njc3ODExNjUsImZpZCI6ImVGTl9kZUo4VGwtQzJGQ1ZnV3luWnciLCJwcm9qZWN0TnVtYmVyIjoxMDIzMTMzNzI4ODk0fQ.AB2LPV8wRQIhAPsOXsQDviMSNzVqIBBMhMV-Tk52h161S4BJsgZJDde6AiABFH8ad-YmZ6pbiZnpnfYP8qS3IPxWogfxL-N7SOQeIw","RefreshToken":"3_AS3qfwJATKc2-fQx_DZJmn9deBiB8mme3m31REveBOswOy3b1k0AXIm2HmkGjICxKUcZNlZb088aYFBRh_M8j05wm87qQzCmTqd8k_U-aL5w0ss","TokenCreationEpochInSecs":1767176365,"ExpiresInSecs":604800}