{"Fid":"cgM7K8_rQqOH0NnMAXbqwQ","Status":3,"AuthToken":"eyJhbGciOiJFUzI1NiIsInR5cCI6IkpXVCJ9.eyJhcHBJZCI6IjE6MTAyMzEzMzcyODg5NDphbmRyb2lkOmYyNWE2NzFmNTE5NGUxZDYxOGQ4MmYiLCJleHAiOjE3Njc3NzYzNDQsImZpZCI6ImNnTTdLOF9yUXFPSDBObk1BWGJxd1EiLCJwcm9qZWN0TnVtYmVyIjoxMDIzMTMzNzI4ODk0fQ.AB2LPV8wRgIhAJijU0WSIufZmn83uX_vYA8EbNzvvYD8cGZOob7eWgzTAiEArKUxmnOmX-vZhyj5NLaH18Fu2ziG4iCERR5XS3jP89k","RefreshToken":"3_AS3qfwJz8XaJJCpT7Ajk23MIwMYmt9R4Bl2g6Vhn9YG47U9wLG13izYXMs51vi8SyShft9Y8UimCJd5eVSfYrxE7YSglo9xzLFACiLaitolpDA4","TokenCreationEpochInSecs":1767171544,"ExpiresInSecs":604800}